"SampleID"	"SampleName"	"Golay_Index_barcode"	"Primer_Name"	"Full_Primer_Sequence"	"Case"	"Age"	"Age_Rounded"	"Age_Rounded_Months"	"Gender"	"DOB"	"Participation_Date"	"Race"	"original_concentration"	"Tissue_code"	"Country_of_origin"	"Height_in"	"Weight_lbs"	"Calculated_BMI"	"BMI_category"	"Caesarean_delivery"	"Breast_fed"	"Hpylori_Infection"	"Hpylori_Tx"	"Cdifficile_Infection"	"Cdifficile_Tx"	"Cholecystectomy"	"Appendectomy"	"Tonsillectomy"	"Weight_loss_surgery"	"Organ_transplant"	"BM_or_StemCell_transplant"	"Blood_transfusion"	"Ankylosing_spond"	"Asthma"	"Cancer_colon"	"Cancer_intestinal"	"Celiac"	"Diabetes"	"Eczema"	"Crohns"	"Ulcerative_colitis"	"IBS"	"Kidney_disease"	"Lactose_intolerance"	"Liver_disease"	"Lupus"	"Peptic_ulcer_disease"	"Pernicious_anemia"	"Psoriasis"	"Psoriatic_arthritis"	"Reactive_arthritis"	"Rheumatoid_arthritis"	"Sarcoidosis"	"Thyroiddisease"	"Uveitis"	"Comorbid..1"	"Antibiotics"	"Probiotics"	"AREDS"	"Other_supplements"	"Other_vitamins"	"Antireflux_medication"	"Low_dose_aspirin"	"Pain_medication"	"Allergy_medications"	"Other_meds"	"Food_Allergy"	"Environmental_allergies"	"Exercise"	"Coffee_or_tea"	"Soda"	"Alcohol"	"Tobacco"	"Tobacco_EorN"	"Water_source"	"Dairy_frequency"	"Dairy_allergy"	"Eggs_frequency"	"Eggs_allergy"	"Fish_frequency"	"Fish_allergy"	"Leafy_greens_frequency"	"Leafy_greens_allergy"	"Milk_Cream_Frequency"	"Milk_allergy"	"Peanut_frequency"	"Peanut_allergy"	"Red_meat_frequency"	"Red_meat_allergy"	"Seeds_frequency"	"Seeds_allergy"	"Shellfish_frequency"	"Shellfish_allergy"	"Soy_frequency"	"Soy_allergy"	"Strawberry_frequency"	"Strawberry_allergy"	"Tree_nut_frequency"	"Tree_nut_allergy"	"Wheat_frequency"	"Wheat_allergy"	"White_meat_frequency"	"White_meat_allergy"	"Fermented_food_frequency"	"Fermented_food_allergy"	"SpecialDiet_Vegan"	"SpecialDiet_Veggie"	"SpecialDiet_LowFat"	"SpecialDiet_GF"	"SpecialDiet_VegorVeggie"	"SpecialDiet_LowCarb"	"SpecialDiet_Lowsodium"	"Special_diet_due_to_allergy"	"Intermediate_or_higher_drusen_OD"	"Intermediate_or_higher_OS"	"Disciform_scar_OD"	"Disciform_scar_OS"	"Any_GA_OD"	"Any_GA_OS"	"Foveal_GA_OD"	"Foveal_GA_OS"	"CNV_OD"	"CNV_OS"	"AnyGA_NoCNV_EitherEye"	"AnyCNV_NoGA_EitherEye"	"Reticular_psuedodrusen_OD"	"Reticular_psuedodrusen_OS"	"Late_AMD_OD"	"late_AMD_OS"	"Intermediate_AMD_OD"	"Intermediate_AMD_OS"	"antiVEGF_ever"	"antiVEGF_Avastin"	"antiVEGF_Lucentis"	"antiVEGF_Eylea"	"Response_Refractory"	"LogMarOD"	"Betterthan20_40_OD"	"X20_40_to_20_200_OD"	"Worsethan20_200_OD"	"BCVA_OD"	"LogMarOS"	"Betterthan20_40_OS"	"X20_40_to_20_200_OS"	"Worsethan20_200_OS"	"BCVA_OS"	"EitherEye_worsethan20_200"	"Date_of_BCVA"	"OCT_IRF_OD"	"OCT_SRF_OD"	"OCT_subRPE_OD"	"OCT_RPEA_OD"	"OCT_Scar_OD"	"OCT_Drusen_OD"	"OCT_IRF_OS"	"OCT_SRF_OS"	"OCT_subRPE_OS"	"OCT_RPEA_OS"	"OCT_Scar_OS"	"OCT_Drusen_OS"	"CMT_OD"	"CMT_OS"	"Date_of_OCT"	"FA_Leakage_OD"	"FA_Leakage_OS"	"FA_Date"	"Intronicrs3130783"	"SKIV2Lrs429608"	"SYN3rs5749482"	"SYN3rs9332739"	"TNFRSF10Ars13278062"	"APOErs7412"	"C3rs2230199"	"B3GLCTrs9542236"	"SLC16A8rs8135665"	"Intronicrs943080"	"APOC1rs4420638"	"CETPrs1864163"	"intronicrs920915"	"ADAMTS9.AS2rs6795735"	"RAD51Brs8017304"	"COL8A1rs13081855"	"TGFBR1rs334353"	"CCDC109Brs4698775"	"COL10A1rs3812111"	"ARMS2rs10490924"	"HTRA1rs11200638"	"Intronicrs471175"	"CFHrs1061170"	"CFHrs10737680"	"PLA2G12Ars2285714"	"DiseaseStatus_Sex"	"DiseaseStatus_BMI"	"CaseString"
"1"	"s001"	"LD241"	"AGATTGACCAAC"	"806rcbc30"	"CAAGCAGAAGACGGCATACGAGATAGATTGACCAACAGTCAGTCAGCCGGACTACHVGGGTWTCTAAT"	1	78.3	"80"	940	"M"	"9-Apr-37"	"1-Sep-15"	"White"	142.5	"FS"	"USA"	71	155	21.61575084	"Normal"	"U"	"U"	"N"	NA	"N"	NA	"N"	"N"	"N"	"N"	"N"	"N"	"N"	"0"	"1"	0	"0"	"0"	"0"	"0"	"0"	"0"	"0"	0	"0"	"0"	"0"	0	0	"0"	"0"	"0"	"0"	"0"	"0"	"0"	1	"N"	"N"	"Y"	"Y"	"Y"	"N"	"N"	"N"	"N"	"Y"	"N"	"N"	"Regular_vigorous"	"Coffee"	"N"	"Y"	"E"	"E"	"Municipal"	"W"	"N"	"M"	"N"	"W"	"N"	"W"	"N"	"W"	"N"	"W"	"N"	"W"	"N"	"M"	"N"	"W"	"N"	"N"	"N"	"W"	"N"	"W"	"N"	"W"	"N"	"W"	"N"	"W"	"N"	"N"	"N"	"N"	"N"	"N"	"N"	"N"	0	1	1	0	0	1	0	1	0	1	0	0	0	0	0	1	0	0	1	1	"Y"	"N"	"N"	NA	0.5	"N"	"Y"	"N"	"20_60"	0.2	"Y"	"N"	"N"	"20_30"	"N"	"22-Dec-15"	"N"	"Y"	"N"	"Y"	"N"	"Y"	"N"	"N"	"N"	"N"	"N"	"Y"	283	266	"22-Dec-15"	"N"	"N"	"22-Dec-15"	"GA"	"GG"	"GG"	"GG"	"GG"	"CC"	"GC"	"CC"	"AA"	"TT"	"AA"	"GG"	"GG"	"TC"	"GA"	"CC"	"TG"	"TT"	"TA"	"GG"	"GG"	"TT"	"CC"	"AA"	"TC"	"Case_M"	"Case_Normal"	"Control"
"2"	"s002"	"LD242"	"AGTTACGAGCTA"	"806rcbc31"	"CAAGCAGAAGACGGCATACGAGATAGTTACGAGCTAAGTCAGTCAGCCGGACTACHVGGGTWTCTAAT"	1	83.5	"80"	1002	"F"	"15-Feb-32"	"8-Sep-15"	"White"	54.8	"FS"	"USA"	62	100	18.28824142	"Underweight"	"N"	"N"	"N"	NA	"N"	NA	"Y"	"N"	"N"	"N"	"N"	"N"	"N"	"0"	"0"	0	"0"	"0"	"0"	"0"	"0"	"0"	"0"	0	"0"	"0"	"0"	0	0	"0"	"0"	"0"	"0"	"0"	"0"	"0"	0	"N"	"N"	"Y"	"N"	"Y"	"N"	"N"	"N"	"Y"	"Y"	"N"	"Y"	"Sedentary"	"Coffee"	"N"	"Y"	"E"	"E"	"Municipal"	"W"	"N"	"N"	"N"	"N"	"N"	"W"	"N"	"W"	"N"	"N"	"N"	"N"	"N"	"N"	"N"	"N"	"N"	"N"	"N"	"N"	"N"	"N"	"N"	"N"	"N"	"W"	"N"	"N"	"N"	"N"	"N"	"N"	"N"	"N"	"N"	"N"	0	0	0	0	0	1	1	1	1	0	0	1	0	0	0	1	1	0	0	1	"Y"	"N"	"N"	"N"	1.3	"N"	"N"	"Y"	"20_400"	1.6	"N"	"N"	"Y"	"CF_1_ft"	"Y"	"29-Sep-15"	"N"	"N"	"N"	"Y"	"N"	"N"	"N"	"N"	"N"	"Y"	"N"	"N"	214	220	"9-Oct-12"	"N"	NA	"1-Jun-10"	"GA"	"GG"	"GG"	"GG"	"TG"	"CT"	"CC"	"TC"	"GA"	"TT"	"AA"	"GG"	"GC"	"TC"	"GA"	"CC"	"TT"	"TT"	"TA"	"GG"	"GG"	"TA"	"TT"	"CA"	"TC"	"Case_F"	"Case_Underweight"	"Control"
"3"	"s003"	"LD250"	"GCATATGCACTG"	"806rcbc32"	"CAAGCAGAAGACGGCATACGAGATGCATATGCACTGAGTCAGTCAGCCGGACTACHVGGGTWTCTAAT"	1	86	"90"	1032	"M"	"19-Aug-29"	"24-Aug-15"	"White"	115.8	"FS"	"USA"	72	250	33.90239198	"Obese"	"N"	"Y"	"N"	NA	"N"	NA	"Y"	"Y"	"Y"	"N"	"N"	"N"	"Y"	"0"	"0"	0	"0"	"0"	"0"	"0"	"0"	"0"	"0"	0	"0"	"0"	"0"	0	0	"0"	"0"	"0"	"0"	"0"	"0"	"0"	0	"Y"	"N"	"Y"	"N"	"Y"	"Y"	"N"	"Y"	"N"	"N"	"N"	"N"	"Regular_vigorous"	"Tea"	"Y"	"Y"	"N"	"N"	"Municipal"	"W"	"N"	"W"	"N"	"W"	"N"	"W"	"N"	"M"	"N"	"M"	"N"	"W"	"N"	"W"	"N"	"W"	"N"	"N"	"N"	"M"	"N"	"W"	"N"	"W"	"N"	"W"	"N"	"M"	"N"	"N"	"N"	"N"	"N"	"N"	"N"	"N"	0	0	0	0	1	0	1	0	1	1	0	0	0	0	0	1	1	0	0	1	NA	NA	NA	"Y"	0.2	"Y"	"N"	"N"	"20_30"	0.1	"Y"	"N"	"N"	"20_25"	"N"	"16-Mar-16"	"N"	"Y"	"N"	"N"	"N"	"N"	"N"	"N"	"N"	"N"	"Y"	"N"	545	313	"16-Mar-16"	"N"	"N"	"1-Aug-11"	"AA"	"GG"	"GG"	"GG"	"TT"	"CC"	"CC"	"CC"	"GG"	"TC"	"AA"	"GA"	"GC"	"TC"	"GG"	"CC"	"TT"	"TG"	"AA"	"TT"	"AA"	"TA"	"TC"	"CA"	"TC"	"Case_M"	"Case_Obese"	"Control"
"4"	"s004"	"LD256"	"CAACTCCCGTGA"	"806rcbc33"	"CAAGCAGAAGACGGCATACGAGATCAACTCCCGTGAAGTCAGTCAGCCGGACTACHVGGGTWTCTAAT"	1	81.3	"80"	975	"F"	"28-May-34"	"21-Sep-15"	"White"	141.9	"FS"	"USA"	66	140	22.59412305	"Normal"	"N"	"N"	"N"	NA	"N"	NA	"N"	"Y"	"Y"	"N"	"N"	"N"	"N"	"0"	"0"	0	"0"	"0"	"0"	"0"	"0"	"0"	"0"	0	"0"	"0"	"0"	0	0	"1"	"0"	"0"	"0"	"0"	"0"	"0"	1	"N"	"N"	"Y"	"Y"	"Y"	"Y"	"Y"	"N"	"N"	"Y"	"Y"	"N"	"Occasional_vigorous"	"Coffee"	"Y"	"N"	"N"	"N"	"Municipal"	"W"	"N"	"W"	"N"	"W"	"N"	"W"	"N"	"W"	"N"	"W"	"N"	"W"	"N"	"W"	"N"	"M"	"N"	"N"	"N"	"W"	"N"	"W"	"N"	"W"	"N"	"W"	"N"	"M"	"N"	"N"	"N"	"N"	"N"	"N"	"N"	"N"	0	1	1	1	0	1	0	0	0	1	1	0	0	0	0	1	1	0	0	1	"N"	"Y"	"N"	"T"	0.4	"N"	"Y"	"N"	"20_50"	0.5	"N"	"Y"	"N"	"20_60"	"N"	"22-Aug-11"	"Y"	"N"	"N"	"N"	"N"	"Y"	"N"	"N"	"N"	"N"	"N"	"Y"	226	315	"22-Aug-11"	"N"	"N"	"21-Jun-10"	"AA"	"GG"	"CC"	"GG"	"TT"	"CC"	"GC"	"TT"	"GA"	"CC"	"AA"	"GG"	"GC"	"TC"	"AA"	"CC"	"TT"	"TG"	"TA"	"TG"	"GA"	"TA"	"CC"	"AA"	"TC"	"Case_F"	"Case_Normal"	"Control"
"5"	"s005"	"LD268"	"TTGCGTTAGCAG"	"806rcbc34"	"CAAGCAGAAGACGGCATACGAGATTTGCGTTAGCAGAGTCAGTCAGCCGGACTACHVGGGTWTCTAAT"	1	61.3	"60"	735	"F"	"17-Jun-54"	"18-Sep-15"	"White"	132.1	"FS"	"USA"	64	120	20.59570313	"Normal"	"N"	"Y"	"N"	NA	"N"	NA	"Y"	"N"	"N"	"N"	"N"	"N"	"N"	"0"	"0"	0	"0"	"0"	"0"	"1"	"0"	"0"	"0"	0	"0"	"0"	"0"	0	0	"0"	"0"	"0"	"0"	"0"	"0"	"0"	1	"Y"	"N"	"N"	"Y"	"Y"	"N"	"N"	"N"	"N"	"Y"	"N"	"Y"	"Regular_vigorous"	"Coffee"	"N"	"Y"	"N"	"N"	"Municipal"	"W"	"N"	"M"	"N"	"M"	"N"	"W"	"N"	"W"	"N"	"M"	"N"	"M"	"N"	"M"	"N"	"M"	"N"	"N"	"N"	"M"	"N"	"W"	"N"	"W"	"N"	"W"	"N"	"M"	"N"	"N"	"N"	"N"	"N"	"N"	"N"	"N"	0	1	1	1	0	1	1	1	1	1	0	0	0	0	0	1	1	0	0	1	"Y"	"N"	"N"	"N"	1.5	"N"	"N"	"Y"	"CF_3_ft"	0.1	"Y"	"N"	"N"	"20_25"	"Y"	"5-Sep-13"	"N"	"N"	"N"	"Y"	"Y"	"Y"	"N"	"N"	"N"	"N"	"N"	"Y"	282	272	"5-Sep-13"	"N"	"N"	NA	NA	"GA"	"GG"	"GC"	"TG"	"CC"	"GG"	"TC"	"GA"	"TC"	"GA"	"GA"	"CC"	"TT"	"GG"	"CC"	"TT"	"TT"	"TT"	"TG"	"GA"	"TA"	"TC"	"CA"	"TC"	"Case_F"	"Case_Normal"	"Control"
"6"	"s006"	"LD270"	"TACGAGCCCTAA"	"806rcbc35"	"CAAGCAGAAGACGGCATACGAGATTACGAGCCCTAAAGTCAGTCAGCCGGACTACHVGGGTWTCTAAT"	1	79.8	"80"	957	"M"	"20-Nov-35"	"13-Sep-15"	"White"	129	"FS"	"USA"	69	160	23.6252888	"Normal"	"N"	"U"	"N"	NA	"N"	NA	"N"	"N"	"Y"	"N"	"N"	"N"	"N"	"0"	"0"	0	"0"	"0"	"0"	"0"	"0"	"0"	"0"	0	"0"	"0"	"0"	0	0	"0"	"0"	"0"	"0"	"0"	"0"	"0"	0	"N"	"N"	"Y"	"N"	"N"	"N"	"Y"	"N"	"N"	"N"	"N"	"N"	"Mild"	"Coffee"	"Y"	"Y"	"E"	"E"	"Municipal"	"W"	"N"	"W"	"N"	"M"	"N"	"W"	"N"	"W"	"N"	"M"	"N"	"W"	"N"	"M"	"N"	"N"	"N"	"N"	"N"	"W"	"N"	"M"	"N"	"W"	"N"	"M"	"N"	"N"	"N"	"N"	"N"	"N"	"N"	"N"	"N"	"N"	0	0	1	1	0	0	1	0	0	1	1	0	0	1	0	1	1	1	0	0	"Y"	"N"	"N"	"Y"	1.3	"N"	"N"	"Y"	"20_400"	0.3	"N"	"Y"	"N"	"20_40"	"Y"	"15-Mar-16"	"Y"	"Y"	"N"	"N"	"N"	"N"	"Y"	"N"	"Y"	"N"	"N"	"Y"	496	368	"15-Mar-16"	"Y"	"N"	"22-Sep-15"	"AA"	"GA"	"GG"	"GG"	"TG"	"CT"	"CC"	"TC"	"GA"	NA	"AA"	"GG"	"GC"	"TC"	"GG"	"CC"	"TG"	"TT"	"TA"	"TT"	"AA"	"TA"	"TT"	"CA"	"TC"	"Case_M"	"Case_Normal"	"Control"
"7"	"s007"	"LD290"	"CACTACGCTAGA"	"806rcbc36"	"CAAGCAGAAGACGGCATACGAGATCACTACGCTAGAAGTCAGTCAGCCGGACTACHVGGGTWTCTAAT"	1	78	"80"	936	"F"	"16-Sep-37"	"18-Sep-15"	"White"	147.1	"FS"	"Germany"	61	173	32.68449342	"Obese"	"U"	"U"	"Y"	"Y"	"N"	NA	"N"	"Y"	"Y"	"N"	"N"	"N"	"Y"	"0"	"0"	0	"0"	"0"	"1"	"1"	"0"	"0"	"1"	0	"0"	"0"	"0"	0	0	"1"	"0"	"0"	"0"	"0"	"1"	"0"	1	"N"	"N"	"Y"	"Y"	"Y"	"Y"	"Y"	"Y"	"N"	"N"	"N"	"N"	"Mild"	"Coffee"	"N"	"N"	"N"	"N"	"Bottled_only"	"W"	"N"	"W"	"N"	"W"	"N"	"W"	"N"	"W"	"N"	"W"	"N"	"N"	"N"	"W"	"N"	"W"	"N"	"N"	"N"	"W"	"N"	"W"	"N"	"W"	"N"	"W"	"N"	"W"	"N"	NA	NA	NA	NA	NA	"N"	"N"	0	1	1	0	1	0	0	0	0	1	1	0	1	0	0	1	1	0	0	1	"Y"	"N"	"Y"	"Y"	0.1	"Y"	"N"	"N"	"20_25"	1.5	"N"	"N"	"Y"	"CF_3ft"	"Y"	"15-Mar-16"	"N"	"N"	"N"	"N"	"N"	"Y"	"Y"	"N"	"N"	"N"	"N"	"Y"	237	716	"15-Mar-16"	"N"	"Y"	"11-Nov-11"	"AA"	"GG"	"GG"	"GG"	"TG"	"CC"	"CC"	"CC"	"AA"	"TT"	"AA"	"GG"	"GC"	"TC"	"GG"	"CC"	"TT"	"TG"	"AA"	"TG"	"GA"	"AA"	"TC"	"CA"	"CC"	"Case_F"	"Case_Obese"	"Control"
"8"	"s008"	"LD240"	"TGCAGTCCTCGA"	"806rcbc37"	"CAAGCAGAAGACGGCATACGAGATTGCAGTCCTCGAAGTCAGTCAGCCGGACTACHVGGGTWTCTAAT"	1	79.2	"80"	950	"F"	"11-Jul-36"	"15-Sep-15"	"White"	47.7	"FS"	"USA"	62	140	25.60353798	"Overweight"	"N"	"N"	"N"	NA	"N"	NA	"N"	"Y"	"Y"	"N"	"N"	"N"	"N"	"0"	"1"	0	"0"	"0"	"0"	"1"	"0"	"0"	"0"	0	"0"	"0"	"0"	0	0	"0"	"0"	"0"	"0"	"0"	"0"	"0"	1	"Y"	"N"	"Y"	"Y"	"Y"	"N"	"Y"	"Y"	"Y"	"N"	"N"	"Y"	"Regular_vigorous"	"Both"	"N"	"N"	"N"	"N"	"Municipal"	"W"	"N"	"W"	"N"	"M"	"N"	"W"	"N"	"W"	"N"	"W"	"N"	"M"	"N"	"M"	"N"	"M"	"N"	"N"	"N"	"W"	"N"	"W"	"N"	"W"	"N"	"W"	"N"	"W"	"N"	"N"	"N"	"N"	"N"	"N"	"N"	"N"	0	1	1	0	0	0	0	0	0	1	1	0	1	0	0	1	1	0	0	1	"Y"	"Y"	"Y"	"N"	0.1	"Y"	"N"	"N"	"20_25"	0.2	"Y"	"N"	"N"	"20_30"	"N"	"8-Mar-16"	"N"	"N"	"N"	"N"	"N"	"Y"	"N"	"N"	"N"	"N"	"N"	"Y"	314	259	"8-Mar-16"	"N"	"N"	"10-Dec-13"	"GG"	"GG"	"GC"	"GG"	"TG"	"CC"	"CC"	"TC"	"GG"	"TT"	"AA"	"GG"	"GG"	"TC"	"AA"	"CC"	"TT"	"TT"	"AA"	"GG"	"GG"	"TA"	"TC"	"CA"	"CC"	"Case_F"	"Case_Overweight"	"Control"
"9"	"s009"	"LD260"	"ACCATAGCTCCG"	"806rcbc38"	"CAAGCAGAAGACGGCATACGAGATACCATAGCTCCGAGTCAGTCAGCCGGACTACHVGGGTWTCTAAT"	1	90.7	"90"	1088	"F"	"7-Jan-25"	"28-Sep-15"	"White"	141.3	"FS"	"England"	66	158	25.49908173	"Overweight"	"N"	"N"	"N"	NA	"N"	NA	"Y"	"N"	"N"	"N"	"Y"	"N"	"N"	"0"	"0"	0	"0"	"0"	"0"	"1"	"0"	"0"	"0"	0	"0"	"0"	"0"	0	0	"0"	"0"	"0"	"1"	"0"	"0"	"0"	1	"N"	"N"	"Y"	"Y"	"Y"	"Y"	"Y"	"Y"	"N"	"N"	"N"	"Y"	"Occasional_vigorous"	"None"	"Y"	"N"	"N"	"N"	"Municipal"	"W"	"N"	"M"	"N"	"W"	"N"	"W"	"N"	"M"	"N"	"N"	"N"	"W"	"N"	"N"	"N"	"N"	"N"	"N"	"N"	"W"	"N"	"W"	"N"	"W"	"N"	"W"	"N"	"M"	"N"	"N"	"N"	"N"	"N"	"N"	"N"	"N"	0	1	1	0	0	1	1	1	1	1	1	0	0	0	0	1	1	0	0	1	"Y"	"Y"	"Y"	"N"	1.3	"N"	"N"	"Y"	"20_400"	1.5	"N"	"N"	"Y"	"CF_3_ft"	"Y"	"11-Feb-16"	"N"	"N"	"N"	"Y"	"N"	"N"	"Y"	"N"	"N"	"Y"	"N"	"Y"	253	209	"11-Feb-16"	"N"	"Y"	"24-Apr-14"	"GG"	"GG"	"GC"	"GG"	"TG"	"CT"	"GC"	"TT"	"GG"	"CC"	"GA"	"GG"	"CC"	"TT"	"GA"	"CC"	"TG"	"TG"	"TA"	"GG"	"GG"	"TA"	"CC"	"AA"	"TT"	"Case_F"	"Case_Overweight"	"Control"
"10"	"s010"	"LD259"	"TCGACATCTCTT"	"806rcbc39"	"CAAGCAGAAGACGGCATACGAGATTCGACATCTCTTAGTCAGTCAGCCGGACTACHVGGGTWTCTAAT"	1	91.2	"90"	1094	"M"	"4-Aug-24"	"7-Oct-15"	"White"	126.4	"FS"	"USA"	71	210	29.28585598	"Overweight"	"N"	"Y"	"N"	NA	"N"	NA	"N"	"N"	"Y"	"N"	"N"	"N"	"N"	"0"	"1"	0	"0"	"0"	"0"	"U"	"0"	"0"	"0"	0	"0"	"0"	"0"	1	0	"0"	"0"	"0"	"0"	"0"	"0"	"0"	1	"N"	"N"	"Y"	"Y"	"Y"	"Y"	"Y"	"N"	"Y"	"N"	"Y"	"Y"	"Sedentary"	"Coffee"	"N"	"Y"	"E"	"E"	"Municipal"	"W"	"N"	"W"	"N"	"W"	"N"	"W"	"N"	"W"	"N"	"W"	"N"	"W"	"N"	"M"	"N"	"M"	"N"	"M"	"N"	"M"	"N"	"M"	"N"	"W"	"N"	"W"	"N"	"M"	"N"	"N"	"N"	"Y"	"N"	"N"	"N"	"N"	0	1	0	1	1	1	1	1	1	1	1	0	0	0	0	1	1	0	0	1	"N"	"Y"	"Y"	"Y"	1.6	"N"	"N"	"Y"	"CF_at_face"	1.9	"N"	"N"	"Y"	"HM"	"Y"	"3-Feb-16"	"N"	"N"	"N"	"Y"	"Y"	"N"	"N"	"N"	"N"	"Y"	"Y"	"N"	346	224	"2-Mar-16"	"Y"	"Y"	"8-Nov-07"	"AA"	"GG"	"GG"	"GG"	"TG"	"CT"	"GC"	"TC"	"GA"	"TC"	"AA"	"GG"	"GG"	"TC"	"GA"	"CC"	"TG"	"TT"	"TT"	"TG"	"GA"	"TT"	"CC"	"AA"	"CC"	"Case_M"	"Case_Overweight"	"Control"
"11"	"s011"	"LD307"	"GAACACTTTGGA"	"806rcbc40"	"CAAGCAGAAGACGGCATACGAGATGAACACTTTGGAAGTCAGTCAGCCGGACTACHVGGGTWTCTAAT"	1	75.8	"80"	910	"F"	"28-Nov-39"	"13-Oct-15"	"White"	147.2	"FS"	"Scandinavian"	63	185	32.76769967	"Obese"	"N"	"Y"	"N"	NA	"N"	NA	"Y"	"N"	"Y"	"N"	"N"	"N"	"N"	"0"	"0"	0	"0"	"0"	"0"	"0"	"0"	"0"	"0"	0	"0"	"0"	"0"	0	0	"0"	"0"	"0"	"0"	"0"	"1"	"0"	1	"Y"	"N"	"Y"	"Y"	"Y"	"Y"	"N"	"Y"	"N"	"Y"	"Y"	"Y"	"Mild"	"None"	"Y"	"N"	"N"	"N"	"Municipal"	"W"	"N"	"W"	"N"	"W"	"N"	"W"	"N"	"W"	"N"	"M"	"N"	"W"	"N"	"M"	"N"	"M"	"N"	"M"	"N"	"M"	"N"	"M"	"N"	"W"	"N"	"W"	"N"	"M"	"N"	"N"	"N"	"N"	"N"	"N"	"N"	"N"	0	1	1	0	0	0	0	0	0	1	1	0	1	0	0	1	0	0	1	1	"Y"	"N"	"N"	"N"	0.3	"N"	"Y"	"N"	"20_40"	0	"Y"	"N"	"N"	"20_20"	"N"	"8-Oct-12"	"Y"	"N"	"N"	"N"	"N"	"Y"	"N"	"N"	"N"	"N"	"N"	"Y"	276	276	"8-Oct-12"	"Y"	"N"	"31-Oct-07"	"GA"	"GA"	"GG"	"GG"	"TT"	"CC"	"CC"	"TT"	"GA"	"TC"	"AA"	"GA"	"GC"	"TT"	"GA"	"CC"	"TT"	"TT"	"TA"	"GG"	"GG"	"TA"	"TT"	"CC"	"CC"	"Case_F"	"Case_Obese"	"Control"
"12"	"s012"	"LD361"	"GAGCCATCTGTA"	"806rcbc41"	"CAAGCAGAAGACGGCATACGAGATGAGCCATCTGTAAGTCAGTCAGCCGGACTACHVGGGTWTCTAAT"	1	92.1	"90"	1105	"F"	"8-Sep-23"	"8-Oct-15"	"White"	88.7	"FS"	"Germany"	65	145	24.12662722	"Normal"	"N"	"Y"	"N"	NA	"N"	NA	"N"	"N"	"N"	"N"	"N"	"N"	"N"	"0"	"0"	0	"0"	"0"	"0"	"0"	"0"	"0"	"0"	0	"0"	"0"	"0"	0	0	"0"	"0"	"0"	"0"	"0"	"0"	"0"	0	"Y"	"N"	"Y"	"N"	"N"	"N"	"N"	"N"	"N"	"N"	"N"	"N"	"Mild"	"Tea"	"N"	"N"	"N"	"N"	"Private_well"	"W"	"N"	"W"	"N"	"M"	"N"	"W"	"N"	"W"	"N"	"W"	"N"	"W"	"N"	"N"	"N"	"N"	"N"	"N"	"N"	"W"	"N"	"N"	"N"	"W"	"N"	"W"	"N"	"W"	"N"	"N"	"N"	"N"	"N"	"N"	"N"	"N"	0	1	0	0	0	0	0	0	0	0	1	0	1	0	0	0	1	1	0	1	"N"	"Y"	"N"	"N"	0.1	"Y"	"N"	"N"	"20_25"	0.2	"Y"	"N"	"N"	"20_32"	"N"	"21-May-09"	"N"	"N"	"N"	"N"	"N"	"Y"	"N"	"N"	"N"	"N"	"N"	"Y"	177	202	"21-May-09"	"N"	"N"	"21-May-09"	"GG"	"GA"	"GG"	"GG"	"GG"	"CC"	"GC"	"TT"	"GA"	"TC"	"GA"	"GA"	"CC"	"TC"	"GA"	"CC"	"TG"	"TT"	"TT"	"TG"	"GA"	"TA"	"TC"	"CA"	"CC"	"Case_F"	"Case_Normal"	"Control"
"13"	"s013"	"LD314"	"TTGGGTACACGT"	"806rcbc42"	"CAAGCAGAAGACGGCATACGAGATTTGGGTACACGTAGTCAGTCAGCCGGACTACHVGGGTWTCTAAT"	1	68.2	"70"	818	"M"	"13-Sep-47"	"24-Nov-15"	"White"	143.9	"FS"	"USA"	73	250	32.97992119	"Obese"	"N"	"U"	"N"	NA	"N"	NA	"N"	"N"	"N"	"N"	"N"	"N"	"N"	"0"	"0"	0	"0"	"0"	"0"	"0"	"0"	"0"	"0"	0	"0"	"0"	"0"	0	0	"0"	"U"	"U"	"U"	"0"	"0"	"0"	0	"N"	"N"	"Y"	"Y"	"N"	"Y"	"N"	"Y"	"N"	"Y"	"N"	"Y"	"Mild"	"Coffee"	"Y"	"Y"	"E"	"E"	"Bottled_only"	"W"	"N"	"W"	"N"	"M"	"N"	"W"	"N"	"W"	"N"	"M"	"N"	"W"	"N"	"M"	"N"	"M"	"N"	"N"	"N"	"M"	"N"	"M"	"N"	"M"	"N"	"W"	"N"	"N"	"N"	"N"	"N"	"N"	"N"	"N"	"N"	"N"	0	0	1	0	0	1	1	0	1	0	0	1	0	0	0	0	1	1	0	0	"N"	"N"	"N"	NA	0	"Y"	"N"	"N"	"20_20"	0.3	"N"	"Y"	"N"	"20_40"	"N"	"18-Mar-13"	"N"	"N"	"N"	"Y"	"N"	"Y"	"N"	"N"	"N"	"Y"	"N"	"Y"	215	183	"18-Mar-13"	"N"	"N"	"23-Feb-09"	NA	"GG"	"GC"	"GG"	"TG"	"CC"	"GC"	"CC"	"GA"	"TC"	"GA"	"GG"	"GC"	"TT"	"GA"	"CC"	"TT"	"TT"	"AA"	"TG"	"GA"	"TA"	"TT"	"CA"	"CC"	"Case_M"	"Case_Obese"	"Control"
"14"	"s014"	"LD332"	"AAGGCGCTCCTT"	"806rcbc43"	"CAAGCAGAAGACGGCATACGAGATAAGGCGCTCCTTAGTCAGTCAGCCGGACTACHVGGGTWTCTAAT"	1	70.1	"70"	841	"M"	"1-Oct-45"	"25-Nov-15"	"White"	47.4	"FS"	"USA"	71	170	23.7075977	"Normal"	"N"	"N"	"N"	NA	"N"	NA	"N"	"N"	"Y"	"N"	"N"	"N"	"N"	"0"	"1"	0	"0"	"0"	"1"	"0"	"0"	"0"	"0"	0	"0"	"0"	"0"	0	0	"0"	"0"	"0"	"0"	"0"	"0"	"0"	1	"N"	"N"	"Y"	"Y"	"N"	"Y"	"Y"	"N"	"N"	"N"	"N"	"N"	"Regular_vigorous"	"Coffee"	"Y"	"N"	"E"	"E"	"Municipal"	"W"	"N"	"W"	"N"	"M"	"N"	"W"	"N"	"M"	"N"	"W"	"N"	"W"	"N"	"W"	"N"	"W"	"N"	"N"	"N"	"N"	"N"	"W"	"N"	"W"	"N"	"W"	"N"	"W"	"N"	"N"	"N"	"N"	"N"	"N"	"N"	"N"	0	0	0	1	0	1	1	1	0	0	1	0	0	0	0	1	1	0	0	1	NA	NA	NA	"N"	0.8	"N"	"Y"	"N"	"20_125"	1.3	"N"	"N"	"Y"	"20_400"	"Y"	"10-Feb-16"	"N"	"N"	"N"	"N"	"Y"	"Y"	"N"	"Y"	"N"	"N"	"Y"	"N"	286	320	"10-Feb-16"	"N"	"N"	NA	"GA"	"GA"	"GG"	"GG"	"TT"	"CC"	"CC"	"TT"	"GA"	"TT"	"AA"	"GG"	"CC"	"TC"	"AA"	"CC"	"TG"	"TG"	"TA"	"TT"	"AA"	"TT"	"TC"	"CA"	"TC"	"Case_M"	"Case_Normal"	"Control"
"15"	"s015"	"LD301"	"TAATACGGATCG"	"806rcbc44"	"CAAGCAGAAGACGGCATACGAGATTAATACGGATCGAGTCAGTCAGCCGGACTACHVGGGTWTCTAAT"	1	85.6	"90"	1027	"F"	"26-Apr-30"	"8-Dec-15"	"White"	132.6	"FS"	"USA"	64	130	22.31201172	"Normal"	"N"	"U"	"N"	NA	"N"	NA	"Y"	"N"	"N"	"N"	"N"	"N"	"N"	"0"	"0"	0	"0"	"0"	"0"	"0"	"0"	"0"	"0"	0	"1"	"0"	"0"	0	0	"0"	"0"	"0"	"0"	"0"	"0"	"0"	1	"Y"	"Y"	"Y"	"Y"	"Y"	"Y"	"N"	"N"	"N"	"Y"	"N"	"N"	"Regular_vigorous"	"None"	"N"	"N"	"N"	"N"	"Municipal"	"M"	"Y"	"M"	"N"	"W"	"N"	"W"	"N"	"N"	"Y"	"W"	"N"	"M"	"N"	"N"	"N"	"N"	"N"	"W"	"N"	"W"	"N"	"W"	"N"	"W"	"N"	"W"	"N"	"N"	"N"	"N"	"N"	"N"	"N"	"N"	"N"	"N"	0	1	1	0	0	0	0	0	0	1	1	0	1	0	0	1	1	0	0	1	"Y"	"Y"	"N"	"Y"	0.2	"Y"	"N"	"N"	"20_30"	0.3	"N"	"Y"	"N"	"20_40"	"N"	"5-Jun-12"	"N"	"N"	"N"	"N"	"N"	"Y"	"N"	"Y"	"N"	"N"	"N"	"Y"	307	321	"5-Jun-12"	"Y"	"Y"	"5-May-11"	"AA"	"GG"	"GG"	"GG"	"TG"	"CC"	"GC"	"CC"	"GG"	"CC"	"AA"	"GA"	"GC"	"CC"	"AA"	"CC"	"TT"	"TT"	"AA"	"GG"	"GG"	"TA"	"CC"	"AA"	"CC"	"Case_F"	"Case_Normal"	"Control"
"16"	"s016"	"LD357"	"TCGGAATTAGAC"	"806rcbc45"	"CAAGCAGAAGACGGCATACGAGATTCGGAATTAGACAGTCAGTCAGCCGGACTACHVGGGTWTCTAAT"	1	93.1	"90"	1117	"F"	"1-Nov-22"	"16-Dec-15"	"White"	152.9	"FS"	"USA"	65	140	23.29467456	"Normal"	"N"	"N"	"N"	NA	"N"	NA	"N"	"N"	"Y"	"N"	"N"	"N"	"N"	"0"	"0"	0	"0"	"0"	"0"	"0"	"0"	"0"	"0"	0	"0"	"0"	"0"	0	0	"0"	"0"	"0"	"0"	"0"	"0"	"0"	0	"N"	"N"	"N"	"Y"	"Y"	"N"	"Y"	"N"	"N"	"N"	"N"	"N"	"Sedentary"	"Coffee"	"N"	"N"	"N"	"N"	"Municipal"	"W"	"N"	"W"	"N"	"W"	"N"	"W"	"N"	"W"	"N"	"W"	"N"	"W"	"N"	"N"	"N"	"N"	"N"	"N"	"N"	"W"	"N"	"W"	"N"	"W"	"N"	"W"	"N"	"M"	"N"	"N"	"N"	"N"	"N"	"N"	"N"	"N"	0	0	0	0	1	1	1	1	1	0	0	1	0	0	0	1	1	0	0	1	"N"	"Y"	"N"	"Y"	1	"N"	"Y"	"N"	"20_200"	1.3	"N"	"N"	"Y"	"20_400"	"Y"	"26-Feb-15"	"N"	"N"	"N"	"N"	"Y"	"N"	"N"	"N"	"N"	"Y"	"Y"	"N"	302	333	"21-Feb-13"	"N"	"N"	"5-May-09"	"GA"	"GG"	"GG"	"GG"	"TG"	"CC"	"CC"	"CC"	"GA"	"TT"	"AA"	"GG"	"GC"	"TC"	"AA"	"CC"	"TT"	"TG"	"TA"	"TG"	"GA"	"TA"	"TC"	"CA"	"TT"	"Case_F"	"Case_Normal"	"Control"
"17"	"s017"	"LD345"	"TGTGAATTCGGA"	"806rcbc46"	"CAAGCAGAAGACGGCATACGAGATTGTGAATTCGGAAGTCAGTCAGCCGGACTACHVGGGTWTCTAAT"	1	84.3	"80"	1012	"F"	"28-Jul-31"	"22-Dec-15"	"White"	92.7	"FS"	"USA"	60.5	108	20.74284543	"Normal"	"N"	"Y"	"N"	NA	"N"	NA	"N"	"N"	"Y"	"N"	"N"	"N"	"N"	"0"	"0"	0	"0"	"0"	"0"	"0"	"0"	"0"	"U"	0	"U"	"0"	"0"	0	0	"0"	"0"	"0"	"0"	"0"	"0"	"0"	0	"Y"	"Y"	"Y"	"Y"	"Y"	"Y"	"Y"	"Y"	"N"	"Y"	"N"	"N"	"Mild"	"Tea"	"N"	"Y"	"N"	"N"	"Municipal"	"W"	"N"	"W"	"N"	"W"	"N"	"W"	"N"	"N"	"N"	"W"	"N"	"W"	"N"	"N"	"N"	"M"	"N"	"N"	"N"	"M"	"N"	"W"	"N"	"W"	"N"	"W"	"N"	"M"	"N"	"N"	"N"	"N"	"N"	"N"	"N"	"N"	0	1	1	0	0	1	1	1	1	0	1	0	0	0	0	1	1	0	0	1	"N"	"Y"	"N"	"N"	0.4	"N"	"Y"	"N"	"20_50"	0.9	"N"	"Y"	"N"	"20_150"	"N"	"29-Feb-16"	"N"	"N"	"N"	"N"	"N"	"Y"	"N"	"N"	"N"	"Y"	"Y"	"Y"	215	199	"29-Feb-16"	"N"	"N"	"31-Aug-15"	"AA"	"GG"	NA	"GG"	"GG"	"CC"	"CC"	"TT"	NA	"TC"	"GA"	"GG"	"CC"	"CC"	"AA"	"CC"	NA	"TG"	NA	"TG"	"GA"	"TT"	"TC"	"CA"	"TC"	"Case_F"	"Case_Normal"	"Control"
"18"	"s018"	"LD343"	"CATTCGTGGCGT"	"806rcbc47"	"CAAGCAGAAGACGGCATACGAGATCATTCGTGGCGTAGTCAGTCAGCCGGACTACHVGGGTWTCTAAT"	1	85.9	"90"	1031	"M"	"1-Dec-29"	"17-Nov-15"	"White"	75.5	"FS"	NA	69	168	24.80655325	"Normal"	"N"	"Y"	"N"	NA	"N"	NA	"N"	"N"	"Y"	"N"	"N"	"N"	"N"	"0"	"0"	0	"0"	"0"	"1"	"0"	"0"	"0"	"0"	0	"0"	"0"	"0"	0	0	"0"	"0"	"0"	"0"	"0"	"0"	"0"	1	"N"	"N"	"Y"	"Y"	"Y"	"N"	"Y"	"N"	"N"	"Y"	"N"	"N"	"Occasional_vigorous"	"Coffee"	"N"	"N"	"N"	"N"	"Municipal"	"W"	"N"	"W"	"N"	"W"	"N"	"W"	"N"	"W"	"N"	"N"	"N"	"M"	"N"	"M"	"N"	"M"	"N"	"N"	"N"	"W"	"N"	"W"	"N"	"W"	"N"	"M"	"N"	"M"	"N"	"N"	"N"	"Y"	"N"	"N"	"N"	"N"	0	0	0	1	1	0	0	0	0	1	1	0	1	0	0	1	1	0	0	1	"Y"	"N"	"N"	"N"	0.3	"N"	"N"	"N"	"20_40"	1.3	"N"	"N"	"Y"	"20_400"	"Y"	"15-Jan-13"	"N"	"N"	"N"	"Y"	"Y"	"N"	"N"	"N"	"N"	"Y"	"Y"	"N"	272	309	"15-Jan-13"	"N"	"N"	"15-Jan-13"	"AA"	"GG"	"GG"	"GG"	"TG"	NA	"GG"	"TT"	"GG"	"TC"	"GA"	"GA"	"CC"	"TC"	"GA"	"CC"	NA	"TT"	"TT"	"TG"	"GA"	"TA"	"TC"	"AA"	"CC"	"Case_M"	"Case_Normal"	"Control"
"19"	"s019"	"LD390"	"TACTACGTGGCC"	"806rcbc48"	"CAAGCAGAAGACGGCATACGAGATTACTACGTGGCCAGTCAGTCAGCCGGACTACHVGGGTWTCTAAT"	1	78.3	"80"	939	"F"	"13-Sep-37"	"18-Dec-15"	"White"	130.4	"FS"	"USA"	66	180	29.04958678	"Overweight"	"N"	"Y"	"N"	NA	"N"	NA	"N"	"Y"	"N"	"N"	"N"	"N"	"N"	"0"	"0"	0	"0"	"0"	"1"	"0"	"0"	"0"	"0"	0	"0"	"0"	"0"	0	0	"0"	"0"	"0"	"0"	"0"	"0"	"0"	1	"N"	"N"	"Y"	"Y"	"N"	"Y"	"Y"	"N"	"N"	"Y"	"N"	"N"	"Sedentary"	"Coffee"	"N"	"N"	"N"	"N"	"Municipal"	"W"	"N"	"W"	"N"	"M"	"N"	"W"	"N"	"W"	"N"	"W"	"N"	"W"	"N"	"N"	"N"	"N"	"N"	"N"	"N"	"M"	"N"	"M"	"N"	"W"	"N"	"W"	"N"	"M"	"N"	"N"	"N"	"N"	"N"	"N"	"N"	"N"	0	0	0	1	1	0	0	0	0	1	1	0	1	0	0	1	1	0	0	0	"N"	"N"	"N"	NA	1.5	"N"	"N"	"Y"	"CF_3_ft"	1.3	"N"	"N"	"Y"	"20_400"	"Y"	NA	"Y"	"N"	"N"	"N"	"Y"	"N"	"Y"	"N"	"N"	"N"	"N"	"N"	710	437	"5-May-09"	"Y"	"N"	"5-May-09"	"AA"	"GG"	"GG"	"GG"	"TG"	"CT"	"GC"	"TT"	"GG"	"TC"	"AA"	"GA"	"GC"	"TC"	"GA"	"CA"	"TT"	"TG"	"AA"	"TT"	"AA"	"TA"	"CC"	"AA"	"TC"	"Case_F"	"Case_Overweight"	"Control"
"20"	"s020"	"LD373"	"GGCCAGTTCCTA"	"806rcbc49"	"CAAGCAGAAGACGGCATACGAGATGGCCAGTTCCTAAGTCAGTCAGCCGGACTACHVGGGTWTCTAAT"	1	80.3	"80"	963	"F"	"4-Sep-35"	"6-Dec-15"	"White"	92.9	"FS"	"USA"	69	235	34.69964293	"Obese"	"N"	"N"	"N"	NA	"N"	NA	"N"	"N"	"N"	"N"	"N"	"N"	"N"	"0"	"0"	0	"0"	"0"	"0"	"0"	"0"	"0"	"0"	0	"0"	"0"	"0"	0	0	"0"	"0"	"0"	"1"	"0"	"1"	"0"	1	"N"	"N"	"Y"	"N"	"Y"	"N"	"N"	"N"	"N"	"Y"	"N"	"Y"	"Mild"	"Both"	"N"	"Y"	"E"	"E"	"Municipal"	"W"	"N"	"W"	"N"	"W"	"N"	"W"	"N"	"W"	"N"	"W"	"N"	"W"	"N"	"W"	"N"	"M"	"N"	"N"	"N"	"W"	"N"	"W"	"N"	"W"	"N"	"W"	"N"	"W"	"N"	"N"	"N"	"N"	"N"	"N"	"N"	"N"	0	1	1	0	0	0	0	0	0	0	1	0	1	0	0	0	1	1	0	1	"Y"	"Y"	"N"	"N"	0	"Y"	"N"	"N"	"20_20"	0.3	"N"	"Y"	"N"	"20_40"	"N"	"14-Aug-14"	"N"	"N"	"N"	"N"	"N"	"Y"	"N"	"Y"	"N"	"N"	"N"	"Y"	309	277	"14-Aug-14"	"N"	"Y"	"17-Jul-08"	"AA"	"GA"	"GG"	"GG"	"TG"	"CC"	"CC"	"TC"	"GG"	"TC"	"AA"	"AA"	"GG"	"TC"	"GA"	"CC"	"TT"	"TG"	"TA"	"GG"	"GG"	"TT"	"CC"	"AA"	"TC"	"Case_F"	"Case_Obese"	"Control"
